{"acc": 0.8184782747228603, "loss": 0.1987810022779815, "_timestamp": 1701358373.6880317, "_runtime": 21.787933588027954, "_step": 7, "_wandb": {"runtime": 12}}